classification	source	destination	source_sha256	destination_sha256	status	note
FINAL ARCHITECTURE	/home/paradoxpete/Documents/PROJECT/PHASE 3/PHASE 3C-Comparative Technical Evaluation/OpenBraille/Phase3C_OpenBraille_Architecture_Report_Final.md	/home/paradoxpete/Documents/PROJECT_ORGANIZED/03_CONCEPT_PORTFOLIO/OpenBraille/01_Final_Architecture/Phase3C_OpenBraille_Architecture_Report_Final.md	84c658ba992d729027b1f931f8c20715f5deecf385b78e767e4c32e2b83354e1	84c658ba992d729027b1f931f8c20715f5deecf385b78e767e4c32e2b83354e1	COPIED_AND_VERIFIED	Current frozen OpenBraille semester architecture.
FINAL MEMORY	/home/paradoxpete/Documents/PROJECT/PHASE 3/PHASE 3C-Comparative Technical Evaluation/OpenBraille/Phase3C_OpenBraille_Memory_Final.md	/home/paradoxpete/Documents/PROJECT_ORGANIZED/03_CONCEPT_PORTFOLIO/OpenBraille/01_Final_Architecture/Phase3C_OpenBraille_Memory_Final.md	5dad0e392cf9c64d7e8f29be09fadb70acde5b965b95744fa066b5f4b4fd30eb	5dad0e392cf9c64d7e8f29be09fadb70acde5b965b95744fa066b5f4b4fd30eb	COPIED_AND_VERIFIED	Current OpenBraille continuity and authority memory.
FINAL SOP	/home/paradoxpete/Documents/PROJECT/PHASE 3/PHASE 3C-Comparative Technical Evaluation/OpenBraille/Phase3C_OpenBraille_SOP_Final.md	/home/paradoxpete/Documents/PROJECT_ORGANIZED/03_CONCEPT_PORTFOLIO/OpenBraille/01_Final_Architecture/Phase3C_OpenBraille_SOP_Final.md	bfee5dc46675d77b318f4a0d4fe864d77a570a1150cc2676a5dd10103f214e50	bfee5dc46675d77b318f4a0d4fe864d77a570a1150cc2676a5dd10103f214e50	COPIED_AND_VERIFIED	Current OpenBraille operating procedure.
PRE-BUILD FUTURE PATENT SIMULATION	/home/paradoxpete/Documents/PROJECT/OpenBraille_Pre-Build_Future_Patent-Case_Simulation.md	/home/paradoxpete/Documents/PROJECT_ORGANIZED/03_CONCEPT_PORTFOLIO/OpenBraille/04_PreBuild_Simulation/OpenBraille_PreBuild_Future_Patent_Case_Simulation.md	c38b519adae4831714b5fda8dbae86f2ac97ffe748cabf5cf421651a1b64c8a7	c38b519adae4831714b5fda8dbae86f2ac97ffe748cabf5cf421651a1b64c8a7	COPIED_AND_VERIFIED	Future patent-case simulation; not proof of patentability or working invention.
REFERENCE DOSSIER	/home/paradoxpete/Documents/PROJECT/OpenBraille_Semester_Architecture_and_Future_Research_Reference_Dossier.docx	/home/paradoxpete/Documents/PROJECT_ORGANIZED/03_CONCEPT_PORTFOLIO/OpenBraille/05_Roadmaps_and_Reference_Dossiers/OpenBraille_Semester_Architecture_and_Future_Research_Reference_Dossier.docx	b4ef1d7301d5e0a669185681160cb20c8a85d2464b822c3c569798238f13e27b	b4ef1d7301d5e0a669185681160cb20c8a85d2464b822c3c569798238f13e27b	COPIED_AND_VERIFIED	Editable OpenBraille semester architecture and future-research reference dossier.
REFERENCE DOSSIER	/home/paradoxpete/Documents/PROJECT/OpenBraille_Semester_Architecture_and_Future_Research_Reference_Dossier.pdf	/home/paradoxpete/Documents/PROJECT_ORGANIZED/03_CONCEPT_PORTFOLIO/OpenBraille/05_Roadmaps_and_Reference_Dossiers/OpenBraille_Semester_Architecture_and_Future_Research_Reference_Dossier.pdf	ee9cce3ebd57dd84b3bbacd9d4738fc219a334441b80c2bb34e0417c90060ab4	ee9cce3ebd57dd84b3bbacd9d4738fc219a334441b80c2bb34e0417c90060ab4	COPIED_AND_VERIFIED	Rendered OpenBraille semester architecture and future-research reference dossier.
FINAL ARCHITECTURE	/home/paradoxpete/Documents/PROJECT/PHASE 3/PHASE 3C-Comparative Technical Evaluation/VibeGuard/Phase3C_VibeGuard_Architecture_Report_Final.md	/home/paradoxpete/Documents/PROJECT_ORGANIZED/03_CONCEPT_PORTFOLIO/VibeGuard/01_Final_Architecture/Phase3C_VibeGuard_Architecture_Report_Final.md	ba7d1824fe1ab260be903aead8d9bac00cee83141b6f7728d0e220b65fd8eeb4	ba7d1824fe1ab260be903aead8d9bac00cee83141b6f7728d0e220b65fd8eeb4	COPIED_AND_VERIFIED	Current frozen VibeGuard semester architecture.
FINAL MEMORY	/home/paradoxpete/Documents/PROJECT/PHASE 3/PHASE 3C-Comparative Technical Evaluation/VibeGuard/Phase3C_VibeGuard_Memory_Final.md	/home/paradoxpete/Documents/PROJECT_ORGANIZED/03_CONCEPT_PORTFOLIO/VibeGuard/01_Final_Architecture/Phase3C_VibeGuard_Memory_Final.md	e4b96f7ee53bbc94ec960db281a1a56745fc6c8121133b813ca37b76798da5e5	e4b96f7ee53bbc94ec960db281a1a56745fc6c8121133b813ca37b76798da5e5	COPIED_AND_VERIFIED	Current VibeGuard continuity and authority memory.
FINAL SOP	/home/paradoxpete/Documents/PROJECT/PHASE 3/PHASE 3C-Comparative Technical Evaluation/VibeGuard/Phase3C_VibeGuard_SOP_Final.md	/home/paradoxpete/Documents/PROJECT_ORGANIZED/03_CONCEPT_PORTFOLIO/VibeGuard/01_Final_Architecture/Phase3C_VibeGuard_SOP_Final.md	6386bf6d73bbbbb7127c568692ba09abcbdf6dc4cbac40a97690b4edb0dca974	6386bf6d73bbbbb7127c568692ba09abcbdf6dc4cbac40a97690b4edb0dca974	COPIED_AND_VERIFIED	Current VibeGuard operating procedure.
PRE-BUILD FUTURE PATENT SIMULATION	/home/paradoxpete/Documents/PROJECT/VibeGuard_Pre-Build_Future_Patent-Case_Simulation.md	/home/paradoxpete/Documents/PROJECT_ORGANIZED/03_CONCEPT_PORTFOLIO/VibeGuard/04_PreBuild_Simulation/VibeGuard_PreBuild_Future_Patent_Case_Simulation.md	d57a571391e17021a91abba9932f1ecbc5ab6fb6f3e5abdf9221106d9451f4ca	d57a571391e17021a91abba9932f1ecbc5ab6fb6f3e5abdf9221106d9451f4ca	COPIED_AND_VERIFIED	Future patent-case simulation; not proof of patentability or working invention.
IMPLEMENTATION AND RESEARCH ROADMAP	/home/paradoxpete/Documents/PROJECT/VibeGuard_Semester_Implementation_and_Future_Research_Roadmap.pdf	/home/paradoxpete/Documents/PROJECT_ORGANIZED/03_CONCEPT_PORTFOLIO/VibeGuard/05_Roadmaps_and_Reference_Dossiers/VibeGuard_Semester_Implementation_and_Future_Research_Roadmap.pdf	8702d859cdcf816afb2ac31673759a0382348fb69b8e6a4c65120b7c7fe0deff	8702d859cdcf816afb2ac31673759a0382348fb69b8e6a4c65120b7c7fe0deff	COPIED_AND_VERIFIED	Semester Level-1 implementation plan and separated future-research roadmap.
FINAL ARCHITECTURE	/home/paradoxpete/Documents/PROJECT/PHASE 3/PHASE 3C-Comparative Technical Evaluation/TrueMoist/Phase3C_TrueMoist_Architecture_Report_Final.md	/home/paradoxpete/Documents/PROJECT_ORGANIZED/03_CONCEPT_PORTFOLIO/TrueMoist/01_Final_Architecture/Phase3C_TrueMoist_Architecture_Report_Final.md	6c71f1d618e0575d127b10f05e91d06ea4b1f0b8a2fe63e78d4022ee75234610	6c71f1d618e0575d127b10f05e91d06ea4b1f0b8a2fe63e78d4022ee75234610	COPIED_AND_VERIFIED	Current validated TrueMoist architecture.
FINAL MEMORY	/home/paradoxpete/Documents/PROJECT/PHASE 3/PHASE 3C-Comparative Technical Evaluation/TrueMoist/Phase3C_TrueMoist_Memory_Final.md	/home/paradoxpete/Documents/PROJECT_ORGANIZED/03_CONCEPT_PORTFOLIO/TrueMoist/01_Final_Architecture/Phase3C_TrueMoist_Memory_Final.md	c84bc0e08c8c96cfe410d8c690df35c6b7996e5ffda7703ceff37a424bf02df1	c84bc0e08c8c96cfe410d8c690df35c6b7996e5ffda7703ceff37a424bf02df1	COPIED_AND_VERIFIED	Current TrueMoist continuity and authority memory.
FINAL SOP	/home/paradoxpete/Documents/PROJECT/PHASE 3/PHASE 3C-Comparative Technical Evaluation/TrueMoist/Phase3C_TrueMoist_SOP_Final.md	/home/paradoxpete/Documents/PROJECT_ORGANIZED/03_CONCEPT_PORTFOLIO/TrueMoist/01_Final_Architecture/Phase3C_TrueMoist_SOP_Final.md	993caf1a05f3fdc3937efb634e2f2e467488e973eb71454db8e3c3f53d178d00	993caf1a05f3fdc3937efb634e2f2e467488e973eb71454db8e3c3f53d178d00	COPIED_AND_VERIFIED	Current TrueMoist operating procedure.
