chapter_id	chapter_title	authority_tier	manual_treatment	relative_path	expected_sha256	actual_sha256	hash_status	source_mode	extraction_method	extraction_status	character_count	word_count	output_path	review_copy_path	note
10	Teacher Reviews and Presentation Record	TIER_2	CORE_OR_HISTORICAL	05_TEACHER_AND_REVIEWS/01_Teacher_Documents/TEACHER_DELIVERY_INDEX.md	1b164de4571aaceba1f14dcf73c6f975a0f5dfd3bbd0e665ad9517ad79a78980	1b164de4571aaceba1f14dcf73c6f975a0f5dfd3bbd0e665ad9517ad79a78980	HASH_VERIFIED	REUSED_STAGE10B_EXTRACTION	PLAIN_TEXT	EXTRACTED	1873	153	08_MASTER_MANUAL/05_Source_Extraction/01_Tier1_Tier2_Core/10/1b164de4571a__TEACHER_DELIVERY_INDEX.md		Reused hash-verified Stage 10B extract.
10	Teacher Reviews and Presentation Record	TIER_2	CORE_OR_HISTORICAL	05_TEACHER_AND_REVIEWS/02_Zeroth_Review_OpenBraille/01_Official_Submission/OpenBraille_Zeroth_Review_OFFICIAL_2026-07-30.pptx	8503780624e86aaabe94e67d90ce565633bea3f66ec018d27fc5d104ec0e5c9e	8503780624e86aaabe94e67d90ce565633bea3f66ec018d27fc5d104ec0e5c9e	HASH_VERIFIED	REUSED_STAGE10B_EXTRACTION	PPTX_XML	EXTRACTED	11008	1502	08_MASTER_MANUAL/05_Source_Extraction/01_Tier1_Tier2_Core/10/8503780624e8__OpenBraille_Zeroth_Review_OFFICIAL_2026-07-30.md		Reused hash-verified Stage 10B extract.
10	Teacher Reviews and Presentation Record	TIER_2	CORE_OR_HISTORICAL	05_TEACHER_AND_REVIEWS/02_Zeroth_Review_OpenBraille/02_Drafts_and_Working_Files/01_Initial_Template_or_Early_Draft.pptx	1b65fdca64a3873c666e7ef777b6c2cbb423676280c762443ca952fdd0e83a99	1b65fdca64a3873c666e7ef777b6c2cbb423676280c762443ca952fdd0e83a99	HASH_VERIFIED	REUSED_STAGE10B_EXTRACTION	PPTX_XML	EXTRACTED	6095	796	08_MASTER_MANUAL/05_Source_Extraction/01_Tier1_Tier2_Core/10/1b65fdca64a3__01_Initial_Template_or_Early_Draft.md		Reused hash-verified Stage 10B extract.
10	Teacher Reviews and Presentation Record	TIER_2	CORE_OR_HISTORICAL	05_TEACHER_AND_REVIEWS/02_Zeroth_Review_OpenBraille/02_Drafts_and_Working_Files/02_OpenBraille_Draft_0.1.pptx	5b5c699a582f2a8a338e122f25094f099cf215e7faa61bbf55d7070678d0f1c0	5b5c699a582f2a8a338e122f25094f099cf215e7faa61bbf55d7070678d0f1c0	HASH_VERIFIED	REUSED_STAGE10B_EXTRACTION	PPTX_XML	EXTRACTED	9311	1186	08_MASTER_MANUAL/05_Source_Extraction/01_Tier1_Tier2_Core/10/5b5c699a582f__02_OpenBraille_Draft_0.1.md		Reused hash-verified Stage 10B extract.
10	Teacher Reviews and Presentation Record	TIER_2	CORE_OR_HISTORICAL	05_TEACHER_AND_REVIEWS/02_Zeroth_Review_OpenBraille/02_Drafts_and_Working_Files/03_OpenBraille_Draft_0.2.pptx	c749a1154fbfb70df38e30e65620c0f734d8ac98c23892207dcd3e535e8507d1	c749a1154fbfb70df38e30e65620c0f734d8ac98c23892207dcd3e535e8507d1	HASH_VERIFIED	REUSED_STAGE10B_EXTRACTION	PPTX_XML	EXTRACTED	9351	1245	08_MASTER_MANUAL/05_Source_Extraction/01_Tier1_Tier2_Core/10/c749a1154fbf__03_OpenBraille_Draft_0.2.md		Reused hash-verified Stage 10B extract.
10	Teacher Reviews and Presentation Record	TIER_2	CORE_OR_HISTORICAL	05_TEACHER_AND_REVIEWS/02_Zeroth_Review_OpenBraille/02_Drafts_and_Working_Files/04_OpenBraille_Draft_0.2.odp	0900927d4bc12e4358fa213b6d19fd1794b2003181feb54b43689f4c11ea6648	0900927d4bc12e4358fa213b6d19fd1794b2003181feb54b43689f4c11ea6648	HASH_VERIFIED	REUSED_STAGE10B_EXTRACTION	ODP_XML	EXTRACTED	9098	1189	08_MASTER_MANUAL/05_Source_Extraction/01_Tier1_Tier2_Core/10/0900927d4bc1__04_OpenBraille_Draft_0.2.md		Reused hash-verified Stage 10B extract.
10	Teacher Reviews and Presentation Record	TIER_2	CORE_OR_HISTORICAL	05_TEACHER_AND_REVIEWS/02_Zeroth_Review_OpenBraille/02_Drafts_and_Working_Files/05_Sreehari_Working_Draft.pptx	4326d708eb56198773dc6f5f7e4bb49407d51c19823a87700a3e390ebcbf5b2a	4326d708eb56198773dc6f5f7e4bb49407d51c19823a87700a3e390ebcbf5b2a	HASH_VERIFIED	REUSED_STAGE10B_EXTRACTION	PPTX_XML	EXTRACTED	10029	1300	08_MASTER_MANUAL/05_Source_Extraction/01_Tier1_Tier2_Core/10/4326d708eb56__05_Sreehari_Working_Draft.md		Reused hash-verified Stage 10B extract.
10	Teacher Reviews and Presentation Record	TIER_2	CORE_OR_HISTORICAL	05_TEACHER_AND_REVIEWS/02_Zeroth_Review_OpenBraille/02_Drafts_and_Working_Files/06_Group8_Working_Draft.pptx	3b26d17086f86b420a9fce25d4ac17eea063d206981651325313de99d3156225	3b26d17086f86b420a9fce25d4ac17eea063d206981651325313de99d3156225	HASH_VERIFIED	REUSED_STAGE10B_EXTRACTION	PPTX_XML	EXTRACTED	9549	1205	08_MASTER_MANUAL/05_Source_Extraction/01_Tier1_Tier2_Core/10/3b26d17086f8__06_Group8_Working_Draft.md		Reused hash-verified Stage 10B extract.
10	Teacher Reviews and Presentation Record	TIER_2	CORE_OR_HISTORICAL	05_TEACHER_AND_REVIEWS/02_Zeroth_Review_OpenBraille/02_Drafts_and_Working_Files/07_PreSubmission_Finalised_Draft_1.pptx	f37809889f970377fccfddcb7bf3e2be98663f8b679c015b3f5441955562b5ea	f37809889f970377fccfddcb7bf3e2be98663f8b679c015b3f5441955562b5ea	HASH_VERIFIED	REUSED_STAGE10B_EXTRACTION	PPTX_XML	EXTRACTED	10953	1503	08_MASTER_MANUAL/05_Source_Extraction/01_Tier1_Tier2_Core/10/f37809889f97__07_PreSubmission_Finalised_Draft_1.md		Reused hash-verified Stage 10B extract.
10	Teacher Reviews and Presentation Record	TIER_2	CORE_OR_HISTORICAL	05_TEACHER_AND_REVIEWS/02_Zeroth_Review_OpenBraille/02_Drafts_and_Working_Files/08_PreSubmission_Finalised_Draft_2.pptx	a58be0d507c57600789074405d9cc48f1cd32094bd9158633a7fa3ed88dd16d7	a58be0d507c57600789074405d9cc48f1cd32094bd9158633a7fa3ed88dd16d7	HASH_VERIFIED	REUSED_STAGE10B_EXTRACTION	PPTX_XML	EXTRACTED	10891	1496	08_MASTER_MANUAL/05_Source_Extraction/01_Tier1_Tier2_Core/10/a58be0d507c5__08_PreSubmission_Finalised_Draft_2.md		Reused hash-verified Stage 10B extract.
10	Teacher Reviews and Presentation Record	TIER_2	CORE_OR_HISTORICAL	05_TEACHER_AND_REVIEWS/02_Zeroth_Review_OpenBraille/02_Drafts_and_Working_Files/09_OpenBraille_Block_Diagram.png	d9203a9b237b35005df2ee3d58f0ea5761186c65b9cf5466843b6af1faaf0d48	d9203a9b237b35005df2ee3d58f0ea5761186c65b9cf5466843b6af1faaf0d48	HASH_VERIFIED	NEW_STAGE10O_EXTRACTION	VISUAL_FILE	VISUAL_REVIEW_REQUIRED	0	0		08_MASTER_MANUAL/07_Evidence_Worksheets/05_Teacher_and_Execution/Visual_Review_Input/CH10__d9203a9b237b__09_OpenBraille_Block_Diagram.png	Visual copied for direct review. Original content has not been interpreted.
10	Teacher Reviews and Presentation Record	TIER_2	CORE_OR_HISTORICAL	05_TEACHER_AND_REVIEWS/02_Zeroth_Review_OpenBraille/02_Drafts_and_Working_Files/10_OpenBraille_Generated_Visual.png	e34d60d0250848dd9099b2d2e27bb3e2d302677f813331f592b3becf21f8eb3c	e34d60d0250848dd9099b2d2e27bb3e2d302677f813331f592b3becf21f8eb3c	HASH_VERIFIED	NEW_STAGE10O_EXTRACTION	VISUAL_FILE	VISUAL_REVIEW_REQUIRED	0	0		08_MASTER_MANUAL/07_Evidence_Worksheets/05_Teacher_and_Execution/Visual_Review_Input/CH10__e34d60d02508__10_OpenBraille_Generated_Visual.png	Visual copied for direct review. Original content has not been interpreted.
10	Teacher Reviews and Presentation Record	TIER_2	CORE_OR_HISTORICAL	05_TEACHER_AND_REVIEWS/02_Zeroth_Review_OpenBraille/02_Drafts_and_Working_Files/11_Presentation_Instructions_Early.html	2bb9890bfc2c9754ae5643d825ff9bea9cfd3f1fcc22c2975dcbbd1553cb1f97	2bb9890bfc2c9754ae5643d825ff9bea9cfd3f1fcc22c2975dcbbd1553cb1f97	HASH_VERIFIED	REUSED_STAGE10B_EXTRACTION	HTML_PARSER	EXTRACTED	28807	3400	08_MASTER_MANUAL/05_Source_Extraction/01_Tier1_Tier2_Core/10/2bb9890bfc2c__11_Presentation_Instructions_Early.md		Reused hash-verified Stage 10B extract.
10	Teacher Reviews and Presentation Record	TIER_2	CORE_OR_HISTORICAL	05_TEACHER_AND_REVIEWS/02_Zeroth_Review_OpenBraille/02_Drafts_and_Working_Files/12_Presentation_Instructions_2.0.html	300d2b47feb4995a5fbca41d1c475734d80075d943c14e3adb8f1fcdac1b0274	300d2b47feb4995a5fbca41d1c475734d80075d943c14e3adb8f1fcdac1b0274	HASH_VERIFIED	REUSED_STAGE10B_EXTRACTION	HTML_PARSER	EXTRACTED	33268	3774	08_MASTER_MANUAL/05_Source_Extraction/01_Tier1_Tier2_Core/10/300d2b47feb4__12_Presentation_Instructions_2.0.md		Reused hash-verified Stage 10B extract.
10	Teacher Reviews and Presentation Record	TIER_2	CORE_OR_HISTORICAL	05_TEACHER_AND_REVIEWS/TEACHER_AND_REVIEW_INDEX.md	3a63e255117614d24dd6751a34f071d1c43898e33ba03c947b415dcaabc6bb9d	3a63e255117614d24dd6751a34f071d1c43898e33ba03c947b415dcaabc6bb9d	HASH_VERIFIED	REUSED_STAGE10B_EXTRACTION	PLAIN_TEXT	EXTRACTED	1267	141	08_MASTER_MANUAL/05_Source_Extraction/01_Tier1_Tier2_Core/10/3a63e2551176__TEACHER_AND_REVIEW_INDEX.md		Reused hash-verified Stage 10B extract.
